Model,Train Accuracy,Test Accuracy,AUC-ROC,F1 Score
Gradient Boosting,0.9998847926267281,0.9945833333333334,0.9999051496577336,0.9959987688519545
Random Forest,0.9989247311827957,0.9941666666666666,0.9998454953544211,0.9957002457002457
AdaBoost,0.9963901689708141,0.9945833333333334,0.9997253913570857,0.996
Decision Tree,0.9965437788018433,0.9945833333333334,0.9991057819933485,0.9959963042808746
Logistic Regression,0.9724270353302611,0.9658333333333333,0.9894137473341983,0.9745104134286604
